﻿Designator,Quantity,Value,Footprint,Package,MPN,DNP,Mount_Type,Description,Sim.Pins
"C1, C10, C2, C4, C9",5,220n,C_0402_1005Metric,,CL05B224KO5NNNC,,smt,Unpolarized capacitor,
"C11, C13",2,1u,C_0402_1005Metric,,0402W105K100HI,,smt,Unpolarized capacitor,
C12,1,2.2u,C_0603_1608Metric,,CL10B225KP8NNNC,,smt,Unpolarized capacitor,
C3,1,470n,C_0402_1005Metric,,LMK105B7474KV-F,,smt,Unpolarized capacitor,
"C5, C6",2,10n,C_0201_0603Metric,,GRM033R71A103KA01D,,smt,Unpolarized capacitor,
C7,1,100u,CP_Elec_5x5.4,,EEE-1AA101WAR,,smt,Polarized capacitor,
C8,1,22n,C_0201_0603Metric,,EMK063B7223MP-F,,smt,Unpolarized capacitor,
"D1, D2, D3",3,LED,LED_0402_1005Metric,,FHR1105P-TR,,smt,Light emitting diode,1=K 2=A
D4,1,~,D_SOD-523,,RB521S30T1G,,smt,Schottky diode,
J1,1,Conn_02x03_Odd_Even,PinHeader_2x03_P2.54mm_Vertical,,TSW-103-23-G-D,,tht,"Generic connector, double row, 02x03, odd/even pin numbering scheme (row 1 odd numbers, row 2 even numbers), script generated (kicad-library-utils/schlib/autogen/connector/)",
J2,1,Conn_01x02_Socket,JST_XH_B2B-XH-A_1x02_P2.50mm_Vertical,,,,tht,"Generic connector, single row, 01x02, script generated",
"R1, R2, R3",3,10k,R_0402_1005Metric,,RC0402FR-1310KL,,smt,Resistor,
"R4, R5, R6",3,200,R_0402_1005Metric,,RC0402FR-07200RL,,smt,Resistor,
SW1,1,SW_Push,SW_PUSH_6mm,,TS02-66-60-BK-260-SCR-D,,tht,"Push button switch, generic, two pins",
U1,1,DRV8256E,VQFN-24-1EP_4x4mm_P0.5mm_EP2.5x2.5mm_ThermalVias,,DRV8256ERGER,,smt,,
U2,1,ATmega328PB-M,QFN-32-1EP_5x5mm_P0.5mm_EP3.1x3.1mm,,ATmega328PB-MU,,smt,"20MHz, 32kB Flash, 2kB SRAM, 1kB EEPROM, QFN-32",
U3,1,BNO055,LGA-28_5.2x3.8mm_P0.5mm,,BNO055,,smt,"Intelligent 9-axis absolute orientation sensor, LGA-28",
U4,1,BD33FC0FP,TO-252-2,,BD33FC0FP-E2,,smt,"1A, 3.3V LDO regulator with OVP & TSP, without enable, TO-252",
