﻿pos_x,pos_y,rotation,side,designator,mpn,pack,footprint,value,mount_type
111.92875,-96.623,90.0,top,BT1,,,battery_2pad,Battery,smt
126.4095,-110.0,90.0,top,C1,CL05B224KO5NNNC,,C_0402_1005Metric,220n,smt
133.9,-103.9,180.0,top,C10,CL05B224KO5NNNC,,C_0402_1005Metric,220n,smt
132.4,-98.3,0.0,top,C11,0402W105K100HI,,C_0402_1005Metric,1u,smt
115.0,-101.0,180.0,top,C12,CL10B225KP8NNNC,,C_0603_1608Metric,2.2u,smt
124.4,-101.5,-90.0,top,C13,0402W105K100HI,,C_0402_1005Metric,1u,smt
133.7755,-110.1,-90.0,top,C2,CL05B224KO5NNNC,,C_0402_1005Metric,220n,smt
124.46,-115.443,180.0,top,C3,LMK105B7474KV-F,,C_0402_1005Metric,470n,smt
118.9,-109.6,180.0,top,C4,CL05B224KO5NNNC,,C_0402_1005Metric,220n,smt
120.6,-115.697,0.0,top,C5,GRM033R71A103KA01D,,C_0201_0603Metric,10n,smt
118.4,-110.8,90.0,top,C6,GRM033R71A103KA01D,,C_0201_0603Metric,10n,smt
114.554,-105.537,180.0,top,C7,EEE-1AA101WAR,,CP_Elec_5x5.4,100u,smt
120.904,-109.347,0.0,top,C8,EMK063B7223MP-F,,C_0201_0603Metric,22n,smt
135.0,-101.7,180.0,top,C9,CL05B224KO5NNNC,,C_0402_1005Metric,220n,smt
125.984,-96.243,-90.0,top,D1,FHR1105P-TR,,LED_0402_1005Metric,LED,smt
128.3,-114.2,90.0,top,D2,FHR1105P-TR,,LED_0402_1005Metric,LED,smt
129.8,-114.1,90.0,top,D3,FHR1105P-TR,,LED_0402_1005Metric,LED,smt
139.446,-107.95,180.0,top,D4,RB521S30T1G,,D_SOD-523,~,smt
142.9,-93.2,0.0,top,FID1,,,Fiducial_0.75mm_Mask1.5mm,Fiducial,smt
145.75,-116.75,0.0,top,FID2,,,Fiducial_0.75mm_Mask1.5mm,Fiducial,smt
112.4,-99.2,0.0,top,FID3,,,Fiducial_0.75mm_Mask1.5mm,Fiducial,smt
138.425,-110.744,0.0,top,J1,TSW-103-23-G-D,,PinHeader_2x03_P2.54mm_Vertical,Conn_02x03_Odd_Even,tht
114.3,-111.927,-90.0,top,J2,,,JST_XH_B2B-XH-A_1x02_P2.50mm_Vertical,Conn_01x02_Socket,tht
136.906,-107.442,90.0,top,R1,RC0402FR-1310KL,,R_0402_1005Metric,10k,smt
135.89,-99.314,180.0,top,R2,RC0402FR-1310KL,,R_0402_1005Metric,10k,smt
135.89,-98.044,180.0,top,R3,RC0402FR-1310KL,,R_0402_1005Metric,10k,smt
125.9928,-93.955,90.0,top,R4,RC0402FR-07200RL,,R_0402_1005Metric,200,smt
128.27,-116.0,-90.0,top,R5,RC0402FR-07200RL,,R_0402_1005Metric,200,smt
129.794,-116.0,-90.0,top,R6,RC0402FR-07200RL,,R_0402_1005Metric,200,smt
139.75,-104.45,90.0,top,SW1,TS02-66-60-BK-260-SCR-D,,SW_PUSH_6mm,SW_Push,tht
121.7605,-112.502,0.0,top,U1,DRV8256ERGER,,VQFN-24-1EP_4x4mm_P0.5mm_EP2.5x2.5mm_ThermalVias,DRV8256E,smt
130.068,-109.3715,0.0,top,U2,ATmega328PB-MU,,QFN-32-1EP_5x5mm_P0.5mm_EP3.1x3.1mm,ATmega328PB-M,smt
131.0965,-101.005,180.0,top,U3,BNO055,,LGA-28_5.2x3.8mm_P0.5mm,BNO055,smt
120.28,-96.46,90.0,top,U4,BD33FC0FP-E2,,TO-252-2,BD33FC0FP,smt
